{
  "eval_type_id": "scr",
  "eval_config": {
    "random_seed": 42,
    "dataset_names": [
      "LabHC/bias_in_bios_class_set1",
      "canrager/amazon_reviews_mcauley_1and5"
    ],
    "perform_scr": true,
    "early_stopping_patience": 20,
    "train_set_size": 4000,
    "test_set_size": 1000,
    "context_length": 128,
    "probe_train_batch_size": 16,
    "probe_test_batch_size": 500,
    "probe_epochs": 20,
    "probe_lr": 0.001,
    "probe_l1_penalty": 0.001,
    "sae_batch_size": 2,
    "llm_batch_size": 16,
    "llm_dtype": "bfloat16",
    "lower_vram_usage": true,
    "model_name": "google/gemma-2-2b",
    "n_values": [
      2,
      5,
      10,
      20,
      50,
      100,
      500
    ],
    "column1_vals_lookup": {
      "LabHC/bias_in_bios_class_set1": [
        [
          "professor",
          "nurse"
        ],
        [
          "architect",
          "journalist"
        ],
        [
          "surgeon",
          "psychologist"
        ],
        [
          "attorney",
          "teacher"
        ]
      ],
      "canrager/amazon_reviews_mcauley_1and5": [
        [
          "Books",
          "CDs_and_Vinyl"
        ],
        [
          "Software",
          "Electronics"
        ],
        [
          "Pet_Supplies",
          "Office_Products"
        ],
        [
          "Industrial_and_Scientific",
          "Toys_and_Games"
        ]
      ]
    }
  },
  "eval_id": "7fdac138-c285-47c6-b6de-e4eea8b3afe9",
  "datetime_epoch_millis": 1769400269827,
  "eval_result_metrics": {
    "scr_metrics": {
      "scr_dir1_threshold_2": 0.27234313093089074,
      "scr_metric_threshold_2": 0.13542893492523064,
      "scr_dir2_threshold_2": 0.11713181193222864,
      "scr_dir1_threshold_5": 0.3253369469975647,
      "scr_metric_threshold_5": 0.19070248274145402,
      "scr_dir2_threshold_5": 0.17512275699949345,
      "scr_dir1_threshold_10": -0.1957097559419454,
      "scr_metric_threshold_10": 0.24665585561537245,
      "scr_dir2_threshold_10": 0.231136492107982,
      "scr_dir1_threshold_20": 0.09070503817660443,
      "scr_metric_threshold_20": 0.27684846652715345,
      "scr_dir2_threshold_20": 0.25323735941528125,
      "scr_dir1_threshold_50": 0.08300415296956976,
      "scr_metric_threshold_50": 0.32873262905415657,
      "scr_dir2_threshold_50": 0.2936480661520308,
      "scr_dir1_threshold_100": 0.019104470639072287,
      "scr_metric_threshold_100": 0.3976926698270568,
      "scr_dir2_threshold_100": 0.3865211435175523,
      "scr_dir1_threshold_500": -0.08208931007181763,
      "scr_metric_threshold_500": 0.25340871513349267,
      "scr_dir2_threshold_500": 0.2543145165645532
    }
  },
  "eval_result_details": [
    {
      "dataset_name": "LabHC/bias_in_bios_class_set1_scr_professor_nurse_results",
      "scr_dir1_threshold_2": 0.4067803801765105,
      "scr_metric_threshold_2": 0.02689481207849568,
      "scr_dir2_threshold_2": 0.02689481207849568,
      "scr_dir1_threshold_5": 0.4067803801765105,
      "scr_metric_threshold_5": 0.05623472630901061,
      "scr_dir2_threshold_5": 0.05623472630901061,
      "scr_dir1_threshold_10": -0.4237282998739211,
      "scr_metric_threshold_10": 0.13691930827713275,
      "scr_dir2_threshold_10": 0.13691930827713275,
      "scr_dir1_threshold_20": 0.4576271700126079,
      "scr_metric_threshold_20": 0.16136916393624431,
      "scr_dir2_threshold_20": 0.16136916393624431,
      "scr_dir1_threshold_50": 0.3389836501470921,
      "scr_metric_threshold_50": 0.21026887525446739,
      "scr_dir2_threshold_50": 0.21026887525446739,
      "scr_dir1_threshold_100": 0.3559325800924579,
      "scr_metric_threshold_100": 0.21760389024525492,
      "scr_dir2_threshold_100": 0.21760389024525492,
      "scr_dir1_threshold_500": -0.2203381097856658,
      "scr_metric_threshold_500": 0.1271393368669611,
      "scr_dir2_threshold_500": 0.1271393368669611
    },
    {
      "dataset_name": "LabHC/bias_in_bios_class_set1_scr_architect_journalist_results",
      "scr_dir1_threshold_2": 0.1827952785427753,
      "scr_metric_threshold_2": 0.11878463181705394,
      "scr_dir2_threshold_2": 0.11878463181705394,
      "scr_dir1_threshold_5": 0.30107525503418936,
      "scr_metric_threshold_5": 0.19337028491510375,
      "scr_dir2_threshold_5": 0.19337028491510375,
      "scr_dir1_threshold_10": -1.4193552315256035,
      "scr_metric_threshold_10": 0.2513812386666805,
      "scr_dir2_threshold_10": 0.2513812386666805,
      "scr_dir1_threshold_20": -0.6021511509785737,
      "scr_metric_threshold_20": -0.016574534692780085,
      "scr_dir2_threshold_20": -0.016574534692780085,
      "scr_dir1_threshold_50": -0.4946237248290532,
      "scr_metric_threshold_50": -0.09116018779082988,
      "scr_dir2_threshold_50": -0.09116018779082988,
      "scr_dir1_threshold_100": -0.7741938791794555,
      "scr_metric_threshold_100": 0.41712707955556017,
      "scr_dir2_threshold_100": 0.41712707955556017,
      "scr_dir1_threshold_500": -1.3763443892478342,
      "scr_metric_threshold_500": -0.12154686216987552,
      "scr_dir2_threshold_500": -0.12154686216987552
    },
    {
      "dataset_name": "LabHC/bias_in_bios_class_set1_scr_surgeon_psychologist_results",
      "scr_dir1_threshold_2": 0.46874947613113765,
      "scr_metric_threshold_2": 0.044041349566592364,
      "scr_dir2_threshold_2": 0.044041349566592364,
      "scr_dir1_threshold_5": 0.4843742724043578,
      "scr_metric_threshold_5": 0.07772013764658922,
      "scr_dir2_threshold_5": 0.07772013764658922,
      "scr_dir1_threshold_10": -0.21874994179234863,
      "scr_metric_threshold_10": 0.11398956609823495,
      "scr_dir2_threshold_10": 0.11398956609823495,
      "scr_dir1_threshold_20": 0.31249965075409175,
      "scr_metric_threshold_20": 0.1450777138065829,
      "scr_dir2_threshold_20": 0.1450777138065829,
      "scr_dir1_threshold_50": -0.3437501746229541,
      "scr_metric_threshold_50": 0.17875650188657977,
      "scr_dir2_threshold_50": 0.17875650188657977,
      "scr_dir1_threshold_100": 0.24999953433878902,
      "scr_metric_threshold_100": -0.007772075531133777,
      "scr_dir2_threshold_100": -0.007772075531133777,
      "scr_dir1_threshold_500": 0.26562433061200924,
      "scr_metric_threshold_500": 0.1632123508243122,
      "scr_dir2_threshold_500": 0.1632123508243122
    },
    {
      "dataset_name": "LabHC/bias_in_bios_class_set1_scr_attorney_teacher_results",
      "scr_dir1_threshold_2": 0.2905981556180697,
      "scr_metric_threshold_2": 0.12244896895258303,
      "scr_dir2_threshold_2": 0.12244896895258303,
      "scr_dir1_threshold_5": 0.31623936413552367,
      "scr_metric_threshold_5": 0.16326529193677736,
      "scr_dir2_threshold_5": 0.16326529193677736,
      "scr_dir1_threshold_10": -0.7777780608008217,
      "scr_metric_threshold_10": 0.23032069210898787,
      "scr_dir2_threshold_10": 0.23032069210898787,
      "scr_dir1_threshold_20": -0.8888887756796714,
      "scr_metric_threshold_20": 0.30029150668553856,
      "scr_dir2_threshold_20": 0.30029150668553856,
      "scr_dir1_threshold_50": -0.03418810820944566,
      "scr_metric_threshold_50": 0.3731779094409067,
      "scr_dir2_threshold_50": 0.3731779094409067,
      "scr_dir1_threshold_100": -0.33333316351950704,
      "scr_metric_threshold_100": 0.4927114639891495,
      "scr_dir2_threshold_100": 0.4927114639891495,
      "scr_dir1_threshold_500": -0.49572680487474363,
      "scr_metric_threshold_500": 0.3556852492403883,
      "scr_dir2_threshold_500": 0.3556852492403883
    },
    {
      "dataset_name": "canrager/amazon_reviews_mcauley_1and5_scr_Books_CDs_and_Vinyl_results",
      "scr_dir1_threshold_2": 0.11931829919557463,
      "scr_metric_threshold_2": 0.3370787520172376,
      "scr_dir2_threshold_2": 0.3370787520172376,
      "scr_dir1_threshold_5": 0.1704546647561578,
      "scr_metric_threshold_5": 0.37078662721896133,
      "scr_dir2_threshold_5": 0.37078662721896133,
      "scr_dir1_threshold_10": 0.18750023283056608,