{
  "eval_type_id": "scr",
  "eval_config": {
    "random_seed": 42,
    "dataset_names": [
      "LabHC/bias_in_bios_class_set1",
      "canrager/amazon_reviews_mcauley_1and5"
    ],
    "perform_scr": true,
    "early_stopping_patience": 20,
    "train_set_size": 4000,
    "test_set_size": 1000,
    "context_length": 128,
    "probe_train_batch_size": 16,
    "probe_test_batch_size": 500,
    "probe_epochs": 20,
    "probe_lr": 0.001,
    "probe_l1_penalty": 0.001,
    "sae_batch_size": 2,
    "llm_batch_size": 16,
    "llm_dtype": "bfloat16",
    "lower_vram_usage": true,
    "model_name": "google/gemma-2-2b",
    "n_values": [
      2,
      5,
      10,
      20,
      50,
      100,
      500
    ],
    "column1_vals_lookup": {
      "LabHC/bias_in_bios_class_set1": [
        [
          "professor",
          "nurse"
        ],
        [
          "architect",
          "journalist"
        ],
        [
          "surgeon",
          "psychologist"
        ],
        [
          "attorney",
          "teacher"
        ]
      ],
      "canrager/amazon_reviews_mcauley_1and5": [
        [
          "Books",
          "CDs_and_Vinyl"
        ],
        [
          "Software",
          "Electronics"
        ],
        [
          "Pet_Supplies",
          "Office_Products"
        ],
        [
          "Industrial_and_Scientific",
          "Toys_and_Games"
        ]
      ]
    }
  },
  "eval_id": "954bdf0f-7927-4eba-ada8-e8d00c3eb237",
  "datetime_epoch_millis": 1769396073697,
  "eval_result_metrics": {
    "scr_metrics": {
      "scr_dir1_threshold_2": 0.003258590082798503,
      "scr_metric_threshold_2": 0.0,
      "scr_dir2_threshold_2": 0.0,
      "scr_dir1_threshold_5": 0.0013054905486459783,
      "scr_metric_threshold_5": 0.00034531995752593334,
      "scr_dir2_threshold_5": 0.00034531995752593334,
      "scr_dir1_threshold_10": -0.002054994028732273,
      "scr_metric_threshold_10": 0.001772908989680867,
      "scr_dir2_threshold_10": 0.0012294053771213919,
      "scr_dir1_threshold_20": 0.005479406784498392,
      "scr_metric_threshold_20": 0.0024238279179181984,
      "scr_dir2_threshold_20": 0.0018803243053587236,
      "scr_dir1_threshold_50": 0.001138733936218314,
      "scr_metric_threshold_50": 0.002118208365495182,
      "scr_dir2_threshold_50": 0.0015747047529357072,
      "scr_dir1_threshold_100": 0.0038020936953579777,
      "scr_metric_threshold_100": 0.0017943590170156798,
      "scr_dir2_threshold_100": 0.0012508554044562048,
      "scr_dir1_threshold_500": 0.0007620193299124991,
      "scr_metric_threshold_500": 0.000492447490421085,
      "scr_dir2_threshold_500": 0.001035918709154564
    }
  },
  "eval_result_details": [
    {
      "dataset_name": "LabHC/bias_in_bios_class_set1_scr_professor_nurse_results",
      "scr_dir1_threshold_2": 0.0,
      "scr_metric_threshold_2": 0.0,
      "scr_dir2_threshold_2": 0.0,
      "scr_dir1_threshold_5": 0.0,
      "scr_metric_threshold_5": 0.0,
      "scr_dir2_threshold_5": 0.0,
      "scr_dir1_threshold_10": -0.03389785989073158,
      "scr_metric_threshold_10": 0.0,
      "scr_dir2_threshold_10": 0.0,
      "scr_dir1_threshold_20": 0.0,
      "scr_metric_threshold_20": 0.002444956419384131,
      "scr_dir2_threshold_20": 0.002444956419384131,
      "scr_dir1_threshold_50": 0.0,
      "scr_metric_threshold_50": 0.0,
      "scr_dir2_threshold_50": 0.0,
      "scr_dir1_threshold_100": 0.0,
      "scr_metric_threshold_100": 0.0,
      "scr_dir2_threshold_100": 0.0,
      "scr_dir1_threshold_500": 0.0,
      "scr_metric_threshold_500": 0.0,
      "scr_dir2_threshold_500": 0.0
    },
    {
      "dataset_name": "LabHC/bias_in_bios_class_set1_scr_architect_journalist_results",
      "scr_dir1_threshold_2": 0.0,
      "scr_metric_threshold_2": 0.0,
      "scr_dir2_threshold_2": 0.0,
      "scr_dir1_threshold_5": 0.0,
      "scr_metric_threshold_5": 0.0027625596602074668,
      "scr_dir2_threshold_5": 0.0027625596602074668,
      "scr_dir1_threshold_10": -0.02150574159398211,
      "scr_metric_threshold_10": 0.0055249546667219904,
      "scr_dir2_threshold_10": 0.0055249546667219904,
      "scr_dir1_threshold_20": -0.010753191252088566,
      "scr_metric_threshold_20": 0.008287349673236513,
      "scr_dir2_threshold_20": 0.008287349673236513,
      "scr_dir1_threshold_50": 0.0,
      "scr_metric_threshold_50": 0.008287349673236513,
      "scr_dir2_threshold_50": 0.008287349673236513,
      "scr_dir1_threshold_100": 0.0,
      "scr_metric_threshold_100": 0.008287349673236513,
      "scr_dir2_threshold_100": 0.008287349673236513,
      "scr_dir1_threshold_500": 0.0,
      "scr_metric_threshold_500": 0.008287349673236513,
      "scr_dir2_threshold_500": 0.008287349673236513
    },
    {
      "dataset_name": "LabHC/bias_in_bios_class_set1_scr_surgeon_psychologist_results",
      "scr_dir1_threshold_2": 0.015624796273220196,
      "scr_metric_threshold_2": 0.0,
      "scr_dir2_threshold_2": 0.0,
      "scr_dir1_threshold_5": 0.0,
      "scr_metric_threshold_5": 0.0,
      "scr_dir2_threshold_5": 0.0,
      "scr_dir1_threshold_10": 0.015624796273220196,
      "scr_metric_threshold_10": 0.0,
      "scr_dir2_threshold_10": 0.0,
      "scr_dir1_threshold_20": 0.031249592546440393,
      "scr_metric_threshold_20": 0.0,
      "scr_dir2_threshold_20": 0.0,
      "scr_dir1_threshold_50": 0.0,
      "scr_metric_threshold_50": 0.0,
      "scr_dir2_threshold_50": 0.0,
      "scr_dir1_threshold_100": 0.015624796273220196,
      "scr_metric_threshold_100": -0.002590794787836019,
      "scr_dir2_threshold_100": -0.002590794787836019,
      "scr_dir1_threshold_500": 0.0,
      "scr_metric_threshold_500": 0.0,
      "scr_dir2_threshold_500": 0.0
    },
    {
      "dataset_name": "LabHC/bias_in_bios_class_set1_scr_attorney_teacher_results",
      "scr_dir1_threshold_2": 0.0,
      "scr_metric_threshold_2": 0.0,
      "scr_dir2_threshold_2": 0.0,
      "scr_dir1_threshold_5": 0.0,
      "scr_metric_threshold_5": 0.0,
      "scr_dir2_threshold_5": 0.0,
      "scr_dir1_threshold_10": 0.008546899691991681,
      "scr_metric_threshold_10": 0.0,
      "scr_dir2_threshold_10": 0.0,
      "scr_dir1_threshold_20": 0.008546899691991681,
      "scr_metric_threshold_20": 0.0,
      "scr_dir2_threshold_20": 0.0,
      "scr_dir1_threshold_50": 0.0,
      "scr_metric_threshold_50": 0.0,
      "scr_dir2_threshold_50": 0.0,
      "scr_dir1_threshold_100": 0.0,
      "scr_metric_threshold_100": 0.0,
      "scr_dir2_threshold_100": 0.0,
      "scr_dir1_threshold_500": 0.0,
      "scr_metric_threshold_500": 0.0,
      "scr_dir2_threshold_500": 0.0
    },
    {
      "dataset_name": "canrager/amazon_reviews_mcauley_1and5_scr_Books_CDs_and_Vinyl_results",
      "scr_dir1_threshold_2": 0.005682081799897114,
      "scr_metric_threshold_2": 0.0,
      "scr_dir2_threshold_2": 0.0,
      "scr_dir1_threshold_5": 0.005682081799897114,
      "scr_metric_threshold_5": 0.0,
      "scr_dir2_threshold_5": 0.0,
      "scr_dir1_threshold_10": 0.005682081799897114,
      "scr_metric_threshold_10": 0.0,
      "scr_dir2_threshold_10": 0.0,
      "scr_dir1_threshold_20": 0.005682081799897114,
      "scr_metric_threshold_20": 0.0,
      "scr_dir2_threshold_20": 0.0,
      "scr_dir1_threshold_50": 0.0,
      "scr_metric_threshold_50": 0.0,
      "scr_dir2_threshold_50": 0.0,
      "scr_dir1_threshold_100": 0.005682081799897114,
      "scr_metric_threshold_100": 0.0,
      "scr_dir2_threshold_100": 0.0,
      "scr_dir1_threshold_500": 0.005682081799897114,
      "scr_metric_threshold_500": 0.0,
      "scr_dir2_threshold_500": 0.0
    },
    {
      "dataset_name": "canrager/amazon_reviews_mcauley_1and5_scr_Software_Electronics_results",
      "scr_dir1_threshold_2": 0.0,
      "scr_metric_threshold_2": 0.0,
      "scr_dir2_threshold_2": 0.0,
      "scr_dir1_threshold_5": 0.0,
      "scr_metric_threshold_5": 0.0,
      "scr_dir2_threshold_5": 0.0,
      "scr_dir1_threshold_10": 0.0,
      "scr_metric_threshold_10": 0.004310288350249145,