{
  "eval_type_id": "scr",
  "eval_config": {
    "random_seed": 42,
    "dataset_names": [
      "LabHC/bias_in_bios_class_set1",
      "canrager/amazon_reviews_mcauley_1and5"
    ],
    "perform_scr": true,
    "early_stopping_patience": 20,
    "train_set_size": 4000,
    "test_set_size": 1000,
    "context_length": 128,
    "probe_train_batch_size": 16,
    "probe_test_batch_size": 500,
    "probe_epochs": 20,
    "probe_lr": 0.001,
    "probe_l1_penalty": 0.001,
    "sae_batch_size": 2,
    "llm_batch_size": 16,
    "llm_dtype": "bfloat16",
    "lower_vram_usage": true,
    "model_name": "google/gemma-2-2b",
    "n_values": [
      2,
      5,
      10,
      20,
      50,
      100,
      500
    ],
    "column1_vals_lookup": {
      "LabHC/bias_in_bios_class_set1": [
        [
          "professor",
          "nurse"
        ],
        [
          "architect",
          "journalist"
        ],
        [
          "surgeon",
          "psychologist"
        ],
        [
          "attorney",
          "teacher"
        ]
      ],
      "canrager/amazon_reviews_mcauley_1and5": [
        [
          "Books",
          "CDs_and_Vinyl"
        ],
        [
          "Software",
          "Electronics"
        ],
        [
          "Pet_Supplies",
          "Office_Products"
        ],
        [
          "Industrial_and_Scientific",
          "Toys_and_Games"
        ]
      ]
    }
  },
  "eval_id": "db5b6748-2773-4410-8ff2-d9d4452ff5dd",
  "datetime_epoch_millis": 1769400247368,
  "eval_result_metrics": {
    "scr_metrics": {
      "scr_dir1_threshold_2": 0.17682341664641207,
      "scr_metric_threshold_2": 0.11485576366434558,
      "scr_dir2_threshold_2": 0.10960211189007706,
      "scr_dir1_threshold_5": 0.16826183895004698,
      "scr_metric_threshold_5": 0.16048857910071157,
      "scr_dir2_threshold_5": 0.1556576355790284,
      "scr_dir1_threshold_10": -0.16256841907016265,
      "scr_metric_threshold_10": 0.21492393462279627,
      "scr_dir2_threshold_10": 0.2094287209230811,
      "scr_dir1_threshold_20": -0.4992495329435631,
      "scr_metric_threshold_20": 0.2700495849749474,
      "scr_dir2_threshold_20": 0.24812925985702772,
      "scr_dir1_threshold_50": -0.6478675892535659,
      "scr_metric_threshold_50": 0.3362861859385429,
      "scr_dir2_threshold_50": 0.30512675292067604,
      "scr_dir1_threshold_100": -0.4562787659357964,
      "scr_metric_threshold_100": 0.4053800965576731,
      "scr_dir2_threshold_100": 0.3577955433580537,
      "scr_dir1_threshold_500": -0.6356977224317696,
      "scr_metric_threshold_500": 0.37931981450298846,
      "scr_dir2_threshold_500": 0.38855892146397736
    }
  },
  "eval_result_details": [
    {
      "dataset_name": "LabHC/bias_in_bios_class_set1_scr_professor_nurse_results",
      "scr_dir1_threshold_2": 0.3389836501470921,
      "scr_metric_threshold_2": 0.02689481207849568,
      "scr_dir2_threshold_2": 0.02689481207849568,
      "scr_dir1_threshold_5": 0.0,
      "scr_metric_threshold_5": 0.03422982706928319,
      "scr_dir2_threshold_5": 0.03422982706928319,
      "scr_dir1_threshold_10": -0.06779571978146316,
      "scr_metric_threshold_10": 0.10513443762723369,
      "scr_dir2_threshold_10": 0.10513443762723369,
      "scr_dir1_threshold_20": -0.7966098099117448,
      "scr_metric_threshold_20": 0.12224927829555773,
      "scr_dir2_threshold_20": 0.12224927829555773,
      "scr_dir1_threshold_50": -0.23728804997898684,
      "scr_metric_threshold_50": 0.15892420751686018,
      "scr_dir2_threshold_50": 0.15892420751686018,
      "scr_dir1_threshold_100": 0.38983043998318945,
      "scr_metric_threshold_100": 0.20782391883508328,
      "scr_dir2_threshold_100": 0.20782391883508328,
      "scr_dir1_threshold_500": 0.1694923301975237,
      "scr_metric_threshold_500": 0.23716383306559818,
      "scr_dir2_threshold_500": 0.23716383306559818
    },
    {
      "dataset_name": "LabHC/bias_in_bios_class_set1_scr_architect_journalist_results",
      "scr_dir1_threshold_2": 0.17204272820088176,
      "scr_metric_threshold_2": 0.09116035244452282,
      "scr_dir2_threshold_2": 0.09116035244452282,
      "scr_dir1_threshold_5": 0.17204272820088176,
      "scr_metric_threshold_5": 0.11325967715033194,
      "scr_dir2_threshold_5": 0.11325967715033194,
      "scr_dir1_threshold_10": 0.010752550341893544,
      "scr_metric_threshold_10": 0.19337028491510375,
      "scr_dir2_threshold_10": 0.19337028491510375,
      "scr_dir1_threshold_20": -0.3010758959443844,
      "scr_metric_threshold_20": 0.23756909898041495,
      "scr_dir2_threshold_20": 0.23756909898041495,
      "scr_dir1_threshold_50": -2.2258067617307393,
      "scr_metric_threshold_50": 0.14917130619609958,
      "scr_dir2_threshold_50": 0.14917130619609958,
      "scr_dir1_threshold_100": -2.92473150669655,
      "scr_metric_threshold_100": 0.3342542414379668,
      "scr_dir2_threshold_100": 0.3342542414379668,
      "scr_dir1_threshold_500": -3.3440867382221535,
      "scr_metric_threshold_500": 0.14364651618307053,
      "scr_dir2_threshold_500": 0.14364651618307053
    },
    {
      "dataset_name": "LabHC/bias_in_bios_class_set1_scr_surgeon_psychologist_results",
      "scr_dir1_threshold_2": 0.4062493597158349,
      "scr_metric_threshold_2": 0.02849735292051195,
      "scr_dir2_threshold_2": 0.02849735292051195,
      "scr_dir1_threshold_5": 0.34374924330053214,
      "scr_metric_threshold_5": 0.07772013764658922,
      "scr_dir2_threshold_5": 0.07772013764658922,
      "scr_dir1_threshold_10": -0.9374998835846973,
      "scr_metric_threshold_10": 0.11917100125771984,
      "scr_dir2_threshold_10": 0.11917100125771984,
      "scr_dir1_threshold_20": -2.7187499417923484,
      "scr_metric_threshold_20": 0.2383420025154397,
      "scr_dir2_threshold_20": 0.2383420025154397,
      "scr_dir1_threshold_50": -1.843750174622954,
      "scr_metric_threshold_50": 0.25647663953316896,
      "scr_dir2_threshold_50": 0.25647663953316896,
      "scr_dir1_threshold_100": 0.14062502910382568,
      "scr_metric_threshold_100": 0.10880828535493718,
      "scr_dir2_threshold_100": 0.10880828535493718,
      "scr_dir1_threshold_500": 0.17187462165026607,
      "scr_metric_threshold_500": 0.23575120772760366,
      "scr_dir2_threshold_500": 0.23575120772760366
    },
    {
      "dataset_name": "LabHC/bias_in_bios_class_set1_scr_attorney_teacher_results",
      "scr_dir1_threshold_2": 0.2905981556180697,
      "scr_metric_threshold_2": 0.11953355454824284,
      "scr_dir2_threshold_2": 0.11953355454824284,
      "scr_dir1_threshold_5": 0.47008559635728964,
      "scr_metric_threshold_5": 0.1545190487237568,
      "scr_dir2_threshold_5": 0.1545190487237568,
      "scr_dir1_threshold_10": -1.0683762164188912,
      "scr_metric_threshold_10": 0.2215744488959673,
      "scr_dir2_threshold_10": 0.2215744488959673,
      "scr_dir1_threshold_20": -1.3247867732689942,
      "scr_metric_threshold_20": 0.2886298490681778,
      "scr_dir2_threshold_20": 0.2886298490681778,
      "scr_dir1_threshold_50": -1.8632480766036963,
      "scr_metric_threshold_50": 0.27405260327199965,
      "scr_dir2_threshold_50": 0.27405260327199965,
      "scr_dir1_threshold_100": -2.333333672960986,
      "scr_metric_threshold_100": 0.3323615864567123,
      "scr_dir2_threshold_100": 0.3323615864567123,
      "scr_dir1_threshold_500": -2.632479237712526,
      "scr_metric_threshold_500": 0.40524781543760324,
      "scr_dir2_threshold_500": 0.40524781543760324
    },
    {
      "dataset_name": "canrager/amazon_reviews_mcauley_1and5_scr_Books_CDs_and_Vinyl_results",
      "scr_dir1_threshold_2": 0.073863676772247,
      "scr_metric_threshold_2": 0.3183521794872081,
      "scr_dir2_threshold_2": 0.3183521794872081,
      "scr_dir1_threshold_5": 0.12500004233283019,
      "scr_metric_threshold_5": 0.3745318970772965,
      "scr_dir2_threshold_5": 0.3745318970772965,
      "scr_dir1_threshold_10": 0.15340909668174957,
      "scr_metric_threshold_10": 0.441947647480744,