{
  "eval_type_id": "scr",
  "eval_config": {
    "random_seed": 42,
    "dataset_names": [
      "LabHC/bias_in_bios_class_set1",
      "canrager/amazon_reviews_mcauley_1and5"
    ],
    "perform_scr": true,
    "early_stopping_patience": 20,
    "train_set_size": 4000,
    "test_set_size": 1000,
    "context_length": 128,
    "probe_train_batch_size": 16,
    "probe_test_batch_size": 500,
    "probe_epochs": 20,
    "probe_lr": 0.001,
    "probe_l1_penalty": 0.001,
    "sae_batch_size": 2,
    "llm_batch_size": 16,
    "llm_dtype": "bfloat16",
    "lower_vram_usage": true,
    "model_name": "google/gemma-2-2b",
    "n_values": [
      2,
      5,
      10,
      20,
      50,
      100,
      500
    ],
    "column1_vals_lookup": {
      "LabHC/bias_in_bios_class_set1": [
        [
          "professor",
          "nurse"
        ],
        [
          "architect",
          "journalist"
        ],
        [
          "surgeon",
          "psychologist"
        ],
        [
          "attorney",
          "teacher"
        ]
      ],
      "canrager/amazon_reviews_mcauley_1and5": [
        [
          "Books",
          "CDs_and_Vinyl"
        ],
        [
          "Software",
          "Electronics"
        ],
        [
          "Pet_Supplies",
          "Office_Products"
        ],
        [
          "Industrial_and_Scientific",
          "Toys_and_Games"
        ]
      ]
    }
  },
  "eval_id": "4744757e-18bb-418a-ab13-5a21261ad52a",
  "datetime_epoch_millis": 1769406179193,
  "eval_result_metrics": {
    "scr_metrics": {
      "scr_dir1_threshold_2": 0.1356452144532367,
      "scr_metric_threshold_2": 0.11842105206893938,
      "scr_dir2_threshold_2": 0.11377125737825243,
      "scr_dir1_threshold_5": 0.22408646476934993,
      "scr_metric_threshold_5": 0.1766472966205283,
      "scr_dir2_threshold_5": 0.17543953159348488,
      "scr_dir1_threshold_10": -0.08379043731906476,
      "scr_metric_threshold_10": 0.23642825198955714,
      "scr_dir2_threshold_10": 0.23117461774238468,
      "scr_dir1_threshold_20": 0.040641635692194464,
      "scr_metric_threshold_20": 0.2417416846516423,
      "scr_dir2_threshold_20": 0.24711605995609282,
      "scr_dir1_threshold_50": -0.47789529759628513,
      "scr_metric_threshold_50": 0.23124193043922753,
      "scr_dir2_threshold_50": 0.2706138814516384,
      "scr_dir1_threshold_100": -0.3165756945346833,
      "scr_metric_threshold_100": -0.07180506237268204,
      "scr_dir2_threshold_100": 0.09099682235136859,
      "scr_dir1_threshold_500": -0.22011001726507023,
      "scr_metric_threshold_500": 0.04266703210751529,
      "scr_dir2_threshold_500": 0.11265494491905954
    }
  },
  "eval_result_details": [
    {
      "dataset_name": "LabHC/bias_in_bios_class_set1_scr_professor_nurse_results",
      "scr_dir1_threshold_2": 0.23728804997898684,
      "scr_metric_threshold_2": 0.004889912838768262,
      "scr_dir2_threshold_2": 0.004889912838768262,
      "scr_dir1_threshold_5": 0.4067803801765105,
      "scr_metric_threshold_5": 0.05378962415699136,
      "scr_dir2_threshold_5": 0.05378962415699136,
      "scr_dir1_threshold_10": -0.08474565997478421,
      "scr_metric_threshold_10": 0.10268948120784957,
      "scr_dir2_threshold_10": 0.10268948120784957,
      "scr_dir1_threshold_20": -1.644067419907542,
      "scr_metric_threshold_20": 0.17114913534641596,
      "scr_dir2_threshold_20": 0.17114913534641596,
      "scr_dir1_threshold_50": 0.3559325800924579,
      "scr_metric_threshold_50": 0.07579452339671877,
      "scr_dir2_threshold_50": 0.07579452339671877,
      "scr_dir1_threshold_100": -0.05084678983609737,
      "scr_metric_threshold_100": 0.1393642646965169,
      "scr_dir2_threshold_100": 0.1393642646965169,
      "scr_dir1_threshold_500": -0.7288130798823264,
      "scr_metric_threshold_500": -0.09535461194969717,
      "scr_dir2_threshold_500": -0.09535461194969717
    },
    {
      "dataset_name": "LabHC/bias_in_bios_class_set1_scr_architect_journalist_results",
      "scr_dir1_threshold_2": 0.05376339261966274,
      "scr_metric_threshold_2": 0.10497249213078838,
      "scr_dir2_threshold_2": 0.10497249213078838,
      "scr_dir1_threshold_5": 0.16129017785898822,
      "scr_metric_threshold_5": 0.1657460055425726,
      "scr_dir2_threshold_5": 0.1657460055425726,
      "scr_dir1_threshold_10": 0.15053762751709468,
      "scr_metric_threshold_10": 0.1740331905621162,
      "scr_dir2_threshold_10": 0.1740331905621162,
      "scr_dir1_threshold_20": 0.5806447684743966,
      "scr_metric_threshold_20": 0.2569061933334025,
      "scr_dir2_threshold_20": 0.2569061933334025,
      "scr_dir1_threshold_50": 0.5913973188162901,
      "scr_metric_threshold_50": 0.2762431230326971,
      "scr_dir2_threshold_50": 0.2762431230326971,
      "scr_dir1_threshold_100": 0.3978494899316213,
      "scr_metric_threshold_100": 0.0386741887059751,
      "scr_dir2_threshold_100": 0.0386741887059751,
      "scr_dir1_threshold_500": 0.32258035571797644,
      "scr_metric_threshold_500": -0.20165730528095435,
      "scr_dir2_threshold_500": -0.20165730528095435
    },
    {
      "dataset_name": "LabHC/bias_in_bios_class_set1_scr_surgeon_psychologist_results",
      "scr_dir1_threshold_2": 0.21874994179234863,
      "scr_metric_threshold_2": 0.03886006882329461,
      "scr_dir2_threshold_2": 0.03886006882329461,
      "scr_dir1_threshold_5": 0.4062493597158349,
      "scr_metric_threshold_5": 0.10880828535493718,
      "scr_dir2_threshold_5": 0.10880828535493718,
      "scr_dir1_threshold_10": -0.42187508731147705,
      "scr_metric_threshold_10": 0.24352328325873746,
      "scr_dir2_threshold_10": 0.24352328325873746,
      "scr_dir1_threshold_20": -0.2656252619344312,
      "scr_metric_threshold_20": -0.23057008140049304,
      "scr_dir2_threshold_20": -0.23057008140049304,
      "scr_dir1_threshold_50": -4.968749476131138,
      "scr_metric_threshold_50": -0.24093279730327571,
      "scr_dir2_threshold_50": -0.24093279730327571,
      "scr_dir1_threshold_100": -1.6875003492459082,
      "scr_metric_threshold_100": -0.2383420025154397,
      "scr_dir2_threshold_100": -0.2383420025154397,
      "scr_dir1_threshold_500": -0.0937506402841651,
      "scr_metric_threshold_500": 0.23056992698430592,
      "scr_dir2_threshold_500": 0.23056992698430592
    },
    {
      "dataset_name": "LabHC/bias_in_bios_class_set1_scr_attorney_teacher_results",
      "scr_dir1_threshold_2": 0.2735043562340863,
      "scr_metric_threshold_2": 0.034985494175513956,
      "scr_dir2_threshold_2": 0.034985494175513956,
      "scr_dir1_threshold_5": 0.3333336729609859,
      "scr_metric_threshold_5": 0.10787172315640485,
      "scr_dir2_threshold_5": 0.10787172315640485,
      "scr_dir1_threshold_10": -1.0854700158028747,
      "scr_metric_threshold_10": 0.1486880461405992,
      "scr_dir2_threshold_10": 0.1486880461405992,
      "scr_dir1_threshold_20": 0.5299149130841893,
      "scr_metric_threshold_20": 0.30029150668553856,
      "scr_dir2_threshold_20": 0.30029150668553856,
      "scr_dir1_threshold_50": -0.282051255926078,
      "scr_metric_threshold_50": 0.3615160780490687,
      "scr_dir2_threshold_50": 0.3615160780490687,
      "scr_dir1_threshold_100": 0.0,
      "scr_metric_threshold_100": -0.32069975506487436,
      "scr_dir2_threshold_100": -0.32069975506487436,
      "scr_dir1_threshold_500": 0.2991455647515403,
      "scr_metric_threshold_500": 0.23906710909648568,
      "scr_dir2_threshold_500": 0.23906710909648568
    },
    {
      "dataset_name": "canrager/amazon_reviews_mcauley_1and5_scr_Books_CDs_and_Vinyl_results",
      "scr_dir1_threshold_2": 0.06818193363499143,
      "scr_metric_threshold_2": 0.2771535413304604,
      "scr_dir2_threshold_2": 0.2771535413304604,
      "scr_dir1_threshold_5": 0.06818193363499143,
      "scr_metric_threshold_5": 0.38202266003232044,
      "scr_dir2_threshold_5": 0.38202266003232044,
      "scr_dir1_threshold_10": 0.13068178547008577,