{
  "eval_type_id": "scr",
  "eval_config": {
    "random_seed": 42,
    "dataset_names": [
      "LabHC/bias_in_bios_class_set1",
      "canrager/amazon_reviews_mcauley_1and5"
    ],
    "perform_scr": true,
    "early_stopping_patience": 20,
    "train_set_size": 4000,
    "test_set_size": 1000,
    "context_length": 128,
    "probe_train_batch_size": 16,
    "probe_test_batch_size": 500,
    "probe_epochs": 20,
    "probe_lr": 0.001,
    "probe_l1_penalty": 0.001,
    "sae_batch_size": 2,
    "llm_batch_size": 16,
    "llm_dtype": "bfloat16",
    "lower_vram_usage": true,
    "model_name": "google/gemma-2-2b",
    "n_values": [
      2,
      5,
      10,
      20,
      50,
      100,
      500
    ],
    "column1_vals_lookup": {
      "LabHC/bias_in_bios_class_set1": [
        [
          "professor",
          "nurse"
        ],
        [
          "architect",
          "journalist"
        ],
        [
          "surgeon",
          "psychologist"
        ],
        [
          "attorney",
          "teacher"
        ]
      ],
      "canrager/amazon_reviews_mcauley_1and5": [
        [
          "Books",
          "CDs_and_Vinyl"
        ],
        [
          "Software",
          "Electronics"
        ],
        [
          "Pet_Supplies",
          "Office_Products"
        ],
        [
          "Industrial_and_Scientific",
          "Toys_and_Games"
        ]
      ]
    }
  },
  "eval_id": "f96e1988-1cef-4382-9a86-1cb71c620338",
  "datetime_epoch_millis": 1769329265050,
  "eval_result_metrics": {
    "scr_metrics": {
      "scr_dir1_threshold_2": 0.1698913171316907,
      "scr_metric_threshold_2": 0.09676425921399887,
      "scr_dir2_threshold_2": 0.08933669893451847,
      "scr_dir1_threshold_5": 0.18316213987015867,
      "scr_metric_threshold_5": 0.15744814226295945,
      "scr_dir2_threshold_5": 0.14579355516880577,
      "scr_dir1_threshold_10": -0.16833284525289371,
      "scr_metric_threshold_10": 0.15615858692152376,
      "scr_dir2_threshold_10": 0.16503536633055174,
      "scr_dir1_threshold_20": -0.5094588469223482,
      "scr_metric_threshold_20": 0.10958993714745317,
      "scr_dir2_threshold_20": 0.11786286823644762,
      "scr_dir1_threshold_50": -1.001888872205302,
      "scr_metric_threshold_50": 0.20191876141458706,
      "scr_dir2_threshold_50": 0.20868199189260717,
      "scr_dir1_threshold_100": -0.7343699956556865,
      "scr_metric_threshold_100": 0.20340550749925504,
      "scr_dir2_threshold_100": 0.19706488089369356,
      "scr_dir1_threshold_500": -1.0894354901554173,
      "scr_metric_threshold_500": 0.14953692315906592,
      "scr_dir2_threshold_500": 0.02652961084698084
    }
  },
  "eval_result_details": [
    {
      "dataset_name": "LabHC/bias_in_bios_class_set1_scr_professor_nurse_results",
      "scr_dir1_threshold_2": 0.23728804997898684,
      "scr_metric_threshold_2": 0.012224927829555773,
      "scr_dir2_threshold_2": 0.012224927829555773,
      "scr_dir1_threshold_5": 0.22033912003362105,
      "scr_metric_threshold_5": 0.08312953838750628,
      "scr_dir2_threshold_5": 0.08312953838750628,
      "scr_dir1_threshold_10": -1.4067793699285553,
      "scr_metric_threshold_10": 0.09046455337829379,
      "scr_dir2_threshold_10": 0.09046455337829379,
      "scr_dir1_threshold_20": -0.2542369799243526,
      "scr_metric_threshold_20": 0.009779825677536524,
      "scr_dir2_threshold_20": 0.009779825677536524,
      "scr_dir1_threshold_50": -1.0677957197814631,
      "scr_metric_threshold_50": 0.039119739908051454,
      "scr_dir2_threshold_50": 0.039119739908051454,
      "scr_dir1_threshold_100": -0.05084678983609737,
      "scr_metric_threshold_100": 0.1393642646965169,
      "scr_dir2_threshold_100": 0.1393642646965169,
      "scr_dir1_threshold_500": -0.35593156984450264,
      "scr_metric_threshold_500": 0.21271383167385152,
      "scr_dir2_threshold_500": 0.21271383167385152
    },
    {
      "dataset_name": "LabHC/bias_in_bios_class_set1_scr_architect_journalist_results",
      "scr_dir1_threshold_2": 0.12903188592311257,
      "scr_metric_threshold_2": 0.13812156151634855,
      "scr_dir2_threshold_2": 0.13812156151634855,
      "scr_dir1_threshold_5": 0.15053762751709468,
      "scr_metric_threshold_5": 0.16022105087585062,
      "scr_dir2_threshold_5": 0.16022105087585062,
      "scr_dir1_threshold_10": 0.010752550341893544,
      "scr_metric_threshold_10": 0.016574699346473026,
      "scr_dir2_threshold_10": 0.016574699346473026,
      "scr_dir1_threshold_20": -0.3548392885640471,
      "scr_metric_threshold_20": -0.055248558745062244,
      "scr_dir2_threshold_20": -0.055248558745062244,
      "scr_dir1_threshold_50": 0.23655867116243806,
      "scr_metric_threshold_50": 0.008287349673236513,
      "scr_dir2_threshold_50": 0.008287349673236513,
      "scr_dir1_threshold_100": 0.08602104364534337,
      "scr_metric_threshold_100": 0.0,
      "scr_dir2_threshold_100": 0.0,
      "scr_dir1_threshold_500": -1.451613523461479,
      "scr_metric_threshold_500": 0.18508293524186722,
      "scr_dir2_threshold_500": 0.18508293524186722
    },
    {
      "dataset_name": "LabHC/bias_in_bios_class_set1_scr_surgeon_psychologist_results",
      "scr_dir1_threshold_2": 0.2968748544808716,
      "scr_metric_threshold_2": 0.07253885690329145,
      "scr_dir2_threshold_2": 0.07253885690329145,
      "scr_dir1_threshold_5": 0.32812444702731197,
      "scr_metric_threshold_5": 0.07772013764658922,
      "scr_dir2_threshold_5": 0.07772013764658922,
      "scr_dir1_threshold_10": 0.20312421419670648,
      "scr_metric_threshold_10": 0.11917100125771984,
      "scr_dir2_threshold_10": 0.11917100125771984,
      "scr_dir1_threshold_20": -1.843750174622954,
      "scr_metric_threshold_20": -0.22797944102884418,
      "scr_dir2_threshold_20": -0.22797944102884418,
      "scr_dir1_threshold_50": -6.06249918509288,
      "scr_metric_threshold_50": 0.054404065469375026,
      "scr_dir2_threshold_50": 0.054404065469375026,
      "scr_dir1_threshold_100": -4.593749708961743,
      "scr_metric_threshold_100": 0.03626942845164573,
      "scr_dir2_threshold_100": 0.03626942845164573,
      "scr_dir1_threshold_500": -5.343750174622954,
      "scr_metric_threshold_500": -0.07772029206277635,
      "scr_dir2_threshold_500": -0.07772029206277635
    },
    {
      "dataset_name": "LabHC/bias_in_bios_class_set1_scr_attorney_teacher_results",
      "scr_dir1_threshold_2": 0.16239313191375768,
      "scr_metric_threshold_2": 0.0699708145765507,
      "scr_dir2_threshold_2": 0.0699708145765507,
      "scr_dir1_threshold_5": 0.2136750395071867,
      "scr_metric_threshold_5": 0.09912547994338428,
      "scr_dir2_threshold_5": 0.09912547994338428,
      "scr_dir1_threshold_10": 0.03418810820944566,
      "scr_metric_threshold_10": 0.13411080034442102,
      "scr_dir2_threshold_10": 0.13411080034442102,
      "scr_dir1_threshold_20": -1.4529917969733064,
      "scr_metric_threshold_20": 0.20116620051663153,
      "scr_dir2_threshold_20": 0.20116620051663153,
      "scr_dir1_threshold_50": -1.3162393641355237,
      "scr_metric_threshold_50": 0.3119533380773766,
      "scr_dir2_threshold_50": 0.3119533380773766,
      "scr_dir1_threshold_100": -1.5641030212936349,
      "scr_metric_threshold_100": 0.08746364855154629,
      "scr_dir2_threshold_100": 0.08746364855154629,
      "scr_dir1_threshold_500": -1.2649574565420947,
      "scr_metric_threshold_500": 0.22448986330030749,
      "scr_dir2_threshold_500": 0.22448986330030749
    },
    {
      "dataset_name": "canrager/amazon_reviews_mcauley_1and5_scr_Books_CDs_and_Vinyl_results",
      "scr_dir1_threshold_2": 0.07228894032282736,
      "scr_metric_threshold_2": 0.0921986415216851,
      "scr_dir2_threshold_2": 0.0921986415216851,
      "scr_dir1_threshold_5": -0.05421688477417381,
      "scr_metric_threshold_5": 0.24822707927162296,
      "scr_dir2_threshold_5": 0.24822707927162296,
      "scr_dir1_threshold_10": -0.04216884774173812,