{
  "eval_type_id": "scr",
  "eval_config": {
    "random_seed": 42,
    "dataset_names": [
      "LabHC/bias_in_bios_class_set1",
      "canrager/amazon_reviews_mcauley_1and5"
    ],
    "perform_scr": true,
    "early_stopping_patience": 20,
    "train_set_size": 4000,
    "test_set_size": 1000,
    "context_length": 128,
    "probe_train_batch_size": 16,
    "probe_test_batch_size": 500,
    "probe_epochs": 20,
    "probe_lr": 0.001,
    "probe_l1_penalty": 0.001,
    "sae_batch_size": 2,
    "llm_batch_size": 16,
    "llm_dtype": "bfloat16",
    "lower_vram_usage": true,
    "model_name": "google/gemma-2-2b",
    "n_values": [
      2,
      5,
      10,
      20,
      50,
      100,
      500
    ],
    "column1_vals_lookup": {
      "LabHC/bias_in_bios_class_set1": [
        [
          "professor",
          "nurse"
        ],
        [
          "architect",
          "journalist"
        ],
        [
          "surgeon",
          "psychologist"
        ],
        [
          "attorney",
          "teacher"
        ]
      ],
      "canrager/amazon_reviews_mcauley_1and5": [
        [
          "Books",
          "CDs_and_Vinyl"
        ],
        [
          "Software",
          "Electronics"
        ],
        [
          "Pet_Supplies",
          "Office_Products"
        ],
        [
          "Industrial_and_Scientific",
          "Toys_and_Games"
        ]
      ]
    }
  },
  "eval_id": "0c95ab9d-7b59-45c8-8678-6f75f4544ba9",
  "datetime_epoch_millis": 1769400234296,
  "eval_result_metrics": {
    "scr_metrics": {
      "scr_dir1_threshold_2": 0.1470321239494416,
      "scr_metric_threshold_2": 0.07824699677889475,
      "scr_dir2_threshold_2": 0.08404406891201646,
      "scr_dir1_threshold_5": 0.18464581433023522,
      "scr_metric_threshold_5": 0.13826815835562617,
      "scr_dir2_threshold_5": 0.14207247081453223,
      "scr_dir1_threshold_10": -0.2583718347323624,
      "scr_metric_threshold_10": 0.21655422672540992,
      "scr_dir2_threshold_10": 0.21921118725172295,
      "scr_dir1_threshold_20": -0.2505111675883577,
      "scr_metric_threshold_20": 0.2720721952407404,
      "scr_dir2_threshold_20": 0.2842702377479394,
      "scr_dir1_threshold_50": -0.37710297343034316,
      "scr_metric_threshold_50": 0.3220851546228378,
      "scr_dir2_threshold_50": 0.311517492439055,
      "scr_dir1_threshold_100": -0.3133504297884836,
      "scr_metric_threshold_100": 0.35172427445848714,
      "scr_dir2_threshold_100": 0.34526292604415154,
      "scr_dir1_threshold_500": -0.709538094126244,
      "scr_metric_threshold_500": 0.3480427031364509,
      "scr_dir2_threshold_500": 0.3226803395913396
    }
  },
  "eval_result_details": [
    {
      "dataset_name": "LabHC/bias_in_bios_class_set1_scr_professor_nurse_results",
      "scr_dir1_threshold_2": 0.2711869201176737,
      "scr_metric_threshold_2": 0.009779825677536524,
      "scr_dir2_threshold_2": 0.009779825677536524,
      "scr_dir1_threshold_5": 0.32203370995377106,
      "scr_metric_threshold_5": 0.024449855659111546,
      "scr_dir2_threshold_5": 0.024449855659111546,
      "scr_dir1_threshold_10": -1.7288130798823262,
      "scr_metric_threshold_10": 0.1466992796873044,
      "scr_dir2_threshold_10": 0.1466992796873044,
      "scr_dir1_threshold_20": -1.6101685497688554,
      "scr_metric_threshold_20": 0.1760390481851842,
      "scr_dir2_threshold_20": 0.1760390481851842,
      "scr_dir1_threshold_50": -2.7288130798823262,
      "scr_metric_threshold_50": 0.17114913534641596,
      "scr_dir2_threshold_50": 0.17114913534641596,
      "scr_dir1_threshold_100": -3.5593207496848027,
      "scr_metric_threshold_100": 0.10024437905583032,
      "scr_dir2_threshold_100": 0.10024437905583032,
      "scr_dir1_threshold_500": -4.711863139689005,
      "scr_metric_threshold_500": -0.058679828461029857,
      "scr_dir2_threshold_500": -0.058679828461029857
    },
    {
      "dataset_name": "LabHC/bias_in_bios_class_set1_scr_architect_journalist_results",
      "scr_dir1_threshold_2": 0.11827933558121903,
      "scr_metric_threshold_2": 0.12430942183008299,
      "scr_dir2_threshold_2": 0.12430942183008299,
      "scr_dir1_threshold_5": 0.17204272820088176,
      "scr_metric_threshold_5": 0.1519337012026141,
      "scr_dir2_threshold_5": 0.1519337012026141,
      "scr_dir1_threshold_10": -1.021505741593982,
      "scr_metric_threshold_10": 0.19337028491510375,
      "scr_dir2_threshold_10": 0.19337028491510375,
      "scr_dir1_threshold_20": -1.1505382684272898,
      "scr_metric_threshold_20": 0.2762431230326971,
      "scr_dir2_threshold_20": 0.2762431230326971,
      "scr_dir1_threshold_50": -1.6236562516623607,
      "scr_metric_threshold_50": 0.024861884366016596,
      "scr_dir2_threshold_50": 0.024861884366016596,
      "scr_dir1_threshold_100": -0.2795701543504023,
      "scr_metric_threshold_100": 0.09116035244452282,
      "scr_dir2_threshold_100": 0.09116035244452282,
      "scr_dir1_threshold_500": -0.6021511509785737,
      "scr_metric_threshold_500": 0.29834261239219917,
      "scr_dir2_threshold_500": 0.29834261239219917
    },
    {
      "dataset_name": "LabHC/bias_in_bios_class_set1_scr_surgeon_psychologist_results",
      "scr_dir1_threshold_2": 0.43749988358469727,
      "scr_metric_threshold_2": 0.02590671254886307,
      "scr_dir2_threshold_2": 0.02590671254886307,
      "scr_dir1_threshold_5": 0.3906245634426147,
      "scr_metric_threshold_5": 0.085492213177723,
      "scr_dir2_threshold_5": 0.085492213177723,
      "scr_dir1_threshold_10": -0.14062502910382568,
      "scr_metric_threshold_10": 0.12953356274431535,
      "scr_dir2_threshold_10": 0.12953356274431535,
      "scr_dir1_threshold_20": -0.2656252619344312,
      "scr_metric_threshold_20": 0.1632123508243122,
      "scr_dir2_threshold_20": 0.1632123508243122,
      "scr_dir1_threshold_50": 0.18749941792348626,
      "scr_metric_threshold_50": 0.24611392363038634,
      "scr_dir2_threshold_50": 0.24611392363038634,
      "scr_dir1_threshold_100": 0.3749997671693945,
      "scr_metric_threshold_100": 0.15544042970936559,
      "scr_dir2_threshold_100": 0.15544042970936559,
      "scr_dir1_threshold_500": -0.2343756693879908,
      "scr_metric_threshold_500": 0.09585492908050565,
      "scr_dir2_threshold_500": 0.09585492908050565
    },
    {
      "dataset_name": "LabHC/bias_in_bios_class_set1_scr_attorney_teacher_results",
      "scr_dir1_threshold_2": 0.18803434043121164,
      "scr_metric_threshold_2": 0.032070079771173765,
      "scr_dir2_threshold_2": 0.032070079771173765,
      "scr_dir1_threshold_5": 0.282051255926078,
      "scr_metric_threshold_5": 0.09329447736022667,
      "scr_dir2_threshold_5": 0.09329447736022667,
      "scr_dir1_threshold_10": 0.32478626382751535,
      "scr_metric_threshold_10": 0.16618070634111756,
      "scr_dir2_threshold_10": 0.16618070634111756,
      "scr_dir1_threshold_20": 0.435897488147844,
      "scr_metric_threshold_20": 0.24489793790516606,
      "scr_dir2_threshold_20": 0.24489793790516606,
      "scr_dir1_threshold_50": 0.5299149130841893,
      "scr_metric_threshold_50": 0.39650157222458265,
      "scr_dir2_threshold_50": 0.39650157222458265,
      "scr_dir1_threshold_100": 0.41880368876386065,
      "scr_metric_threshold_100": 0.44897972660061497,
      "scr_dir2_threshold_100": 0.44897972660061497,
      "scr_dir1_threshold_500": 0.0,
      "scr_metric_threshold_500": 0.2973760922811984,
      "scr_dir2_threshold_500": 0.2973760922811984
    },
    {
      "dataset_name": "canrager/amazon_reviews_mcauley_1and5_scr_Books_CDs_and_Vinyl_results",
      "scr_dir1_threshold_2": 0.06818193363499143,
      "scr_metric_threshold_2": 0.16479410615028361,
      "scr_dir2_threshold_2": 0.16479410615028361,
      "scr_dir1_threshold_5": 0.06250019049773588,
      "scr_metric_threshold_5": 0.29962560695717866,
      "scr_dir2_threshold_5": 0.29962560695717866,
      "scr_dir1_threshold_10": 0.13636386726998287,
      "scr_metric_threshold_10": 0.41947580509237936,