{
  "eval_type_id": "scr",
  "eval_config": {
    "random_seed": 42,
    "dataset_names": [
      "LabHC/bias_in_bios_class_set1",
      "canrager/amazon_reviews_mcauley_1and5"
    ],
    "perform_scr": true,
    "early_stopping_patience": 20,
    "train_set_size": 4000,
    "test_set_size": 1000,
    "context_length": 128,
    "probe_train_batch_size": 16,
    "probe_test_batch_size": 500,
    "probe_epochs": 20,
    "probe_lr": 0.001,
    "probe_l1_penalty": 0.001,
    "sae_batch_size": 2,
    "llm_batch_size": 16,
    "llm_dtype": "bfloat16",
    "lower_vram_usage": true,
    "model_name": "google/gemma-2-2b",
    "n_values": [
      2,
      5,
      10,
      20,
      50,
      100,
      500
    ],
    "column1_vals_lookup": {
      "LabHC/bias_in_bios_class_set1": [
        [
          "professor",
          "nurse"
        ],
        [
          "architect",
          "journalist"
        ],
        [
          "surgeon",
          "psychologist"
        ],
        [
          "attorney",
          "teacher"
        ]
      ],
      "canrager/amazon_reviews_mcauley_1and5": [
        [
          "Books",
          "CDs_and_Vinyl"
        ],
        [
          "Software",
          "Electronics"
        ],
        [
          "Pet_Supplies",
          "Office_Products"
        ],
        [
          "Industrial_and_Scientific",
          "Toys_and_Games"
        ]
      ]
    }
  },
  "eval_id": "e16a8b17-4e2d-4328-a772-b5e8313714d0",
  "datetime_epoch_millis": 1769400872925,
  "eval_result_metrics": {
    "scr_metrics": {
      "scr_dir1_threshold_2": 0.13587553480771142,
      "scr_metric_threshold_2": 0.12805286478387093,
      "scr_dir2_threshold_2": 0.12986441240433766,
      "scr_dir1_threshold_5": 0.11932954690550818,
      "scr_metric_threshold_5": 0.18610213135044898,
      "scr_dir2_threshold_5": 0.18181466781104733,
      "scr_dir1_threshold_10": -0.5206341718356601,
      "scr_metric_threshold_10": 0.2245642068345231,
      "scr_dir2_threshold_10": 0.22710042802496597,
      "scr_dir1_threshold_20": -0.8932708275756318,
      "scr_metric_threshold_20": 0.1553784515385797,
      "scr_dir2_threshold_20": 0.1746417083072439,
      "scr_dir1_threshold_50": -0.42728199232180275,
      "scr_metric_threshold_50": 0.1273413671413322,
      "scr_dir2_threshold_50": 0.062184326804128665,
      "scr_dir1_threshold_100": -0.8151040918732401,
      "scr_metric_threshold_100": 0.13632280026446048,
      "scr_dir2_threshold_100": 0.05256672247674441,
      "scr_dir1_threshold_500": -0.6536146662975578,
      "scr_metric_threshold_500": 0.2306606156011896,
      "scr_dir2_threshold_500": 0.07160258032067253
    }
  },
  "eval_result_details": [
    {
      "dataset_name": "LabHC/bias_in_bios_class_set1_scr_professor_nurse_results",
      "scr_dir1_threshold_2": 0.23728804997898684,
      "scr_metric_threshold_2": 0.022004753507092297,
      "scr_dir2_threshold_2": 0.022004753507092297,
      "scr_dir1_threshold_5": 0.23728804997898684,
      "scr_metric_threshold_5": 0.07823947981610291,
      "scr_dir2_threshold_5": 0.07823947981610291,
      "scr_dir1_threshold_10": 0.20339019008825526,
      "scr_metric_threshold_10": 0.05867968272839474,
      "scr_dir2_threshold_10": 0.05867968272839474,
      "scr_dir1_threshold_20": -2.1864402498949342,
      "scr_metric_threshold_20": 0.13447420612511352,
      "scr_dir2_threshold_20": 0.13447420612511352,
      "scr_dir1_threshold_50": -0.4237282998739211,
      "scr_metric_threshold_50": 0.14425417753528516,
      "scr_dir2_threshold_50": 0.14425417753528516,
      "scr_dir1_threshold_100": 0.13559346005883685,
      "scr_metric_threshold_100": 0.05623472630901061,
      "scr_dir2_threshold_100": 0.05623472630901061,
      "scr_dir1_threshold_500": -0.9322032699705816,
      "scr_metric_threshold_500": -0.1320293954383645,
      "scr_dir2_threshold_500": -0.1320293954383645
    },
    {
      "dataset_name": "LabHC/bias_in_bios_class_set1_scr_architect_journalist_results",
      "scr_dir1_threshold_2": 0.1397844362650061,
      "scr_metric_threshold_2": 0.09116035244452282,
      "scr_dir2_threshold_2": 0.09116035244452282,
      "scr_dir1_threshold_5": 0.2258061208205445,
      "scr_metric_threshold_5": 0.129834376496805,
      "scr_dir2_threshold_5": 0.129834376496805,
      "scr_dir1_threshold_10": -2.6129037013204672,
      "scr_metric_threshold_10": 0.2513812386666805,
      "scr_dir2_threshold_10": 0.2513812386666805,
      "scr_dir1_threshold_20": -1.9569897986324258,
      "scr_metric_threshold_20": -0.1602208862221577,
      "scr_dir2_threshold_20": -0.1602208862221577,
      "scr_dir1_threshold_50": -1.1397850771752012,
      "scr_metric_threshold_50": -0.2569060286797095,
      "scr_dir2_threshold_50": -0.2569060286797095,
      "scr_dir1_threshold_100": -1.6129037013204672,
      "scr_metric_threshold_100": 0.04419897871900415,
      "scr_dir2_threshold_100": 0.04419897871900415,
      "scr_dir1_threshold_500": -2.290323345602491,
      "scr_metric_threshold_500": 0.41160228954253114,
      "scr_dir2_threshold_500": 0.41160228954253114
    },
    {
      "dataset_name": "LabHC/bias_in_bios_class_set1_scr_surgeon_psychologist_results",
      "scr_dir1_threshold_2": 0.26562433061200924,
      "scr_metric_threshold_2": 0.04663198993824125,
      "scr_dir2_threshold_2": 0.04663198993824125,
      "scr_dir1_threshold_5": -0.3437501746229541,
      "scr_metric_threshold_5": 0.06994806211545544,
      "scr_dir2_threshold_5": 0.06994806211545544,
      "scr_dir1_threshold_10": -1.0312505238688623,
      "scr_metric_threshold_10": 0.085492213177723,
      "scr_dir2_threshold_10": 0.085492213177723,
      "scr_dir1_threshold_20": -0.3593749708961743,
      "scr_metric_threshold_20": 0.17357506672709486,
      "scr_dir2_threshold_20": 0.17357506672709486,
      "scr_dir1_threshold_50": 0.18749941792348626,
      "scr_metric_threshold_50": 0.18652842300152642,
      "scr_dir2_threshold_50": 0.18652842300152642,
      "scr_dir1_threshold_100": -2.734374738065569,
      "scr_metric_threshold_100": -0.08549236759391013,
      "scr_dir2_threshold_100": -0.08549236759391013,
      "scr_dir1_threshold_500": -0.2968748544808716,
      "scr_metric_threshold_500": 0.1243522820010176,
      "scr_dir2_threshold_500": 0.1243522820010176
    },
    {
      "dataset_name": "LabHC/bias_in_bios_class_set1_scr_attorney_teacher_results",
      "scr_dir1_threshold_2": 0.17948744073921996,
      "scr_metric_threshold_2": 0.1516034605449394,
      "scr_dir2_threshold_2": 0.1516034605449394,
      "scr_dir1_threshold_5": 0.2649574565420946,
      "scr_metric_threshold_5": 0.20991261750412932,
      "scr_dir2_threshold_5": 0.20991261750412932,
      "scr_dir1_threshold_10": -1.0427350079014372,
      "scr_metric_threshold_10": 0.27988343208068,
      "scr_dir2_threshold_10": 0.27988343208068,
      "scr_dir1_threshold_20": -1.9145304936386043,
      "scr_metric_threshold_20": -0.023323662783675973,
      "scr_dir2_threshold_20": -0.023323662783675973,
      "scr_dir1_threshold_50": -1.6837611453059553,
      "scr_metric_threshold_50": 0.0728864027553681,
      "scr_dir2_threshold_50": 0.0728864027553681,
      "scr_dir1_threshold_100": -2.4444448972813144,
      "scr_metric_threshold_100": 0.12827997153574064,
      "scr_dir2_threshold_100": 0.12827997153574064,
      "scr_dir1_threshold_500": -1.2649574565420947,
      "scr_metric_threshold_500": 0.2653061862845018,
      "scr_dir2_threshold_500": 0.2653061862845018
    },
    {
      "dataset_name": "canrager/amazon_reviews_mcauley_1and5_scr_Books_CDs_and_Vinyl_results",
      "scr_dir1_threshold_2": 0.06818193363499143,
      "scr_metric_threshold_2": 0.3782771669356317,
      "scr_dir2_threshold_2": 0.3782771669356317,
      "scr_dir1_threshold_5": 0.08522750170939969,
      "scr_metric_threshold_5": 0.42322107495071454,
      "scr_dir2_threshold_5": 0.42322107495071454,
      "scr_dir1_threshold_10": -0.22727243479135503,