{
  "eval_type_id": "scr",
  "eval_config": {
    "random_seed": 42,
    "dataset_names": [
      "LabHC/bias_in_bios_class_set1",
      "canrager/amazon_reviews_mcauley_1and5"
    ],
    "perform_scr": true,
    "early_stopping_patience": 20,
    "train_set_size": 4000,
    "test_set_size": 1000,
    "context_length": 128,
    "probe_train_batch_size": 16,
    "probe_test_batch_size": 500,
    "probe_epochs": 20,
    "probe_lr": 0.001,
    "probe_l1_penalty": 0.001,
    "sae_batch_size": 2,
    "llm_batch_size": 16,
    "llm_dtype": "bfloat16",
    "lower_vram_usage": true,
    "model_name": "google/gemma-2-2b",
    "n_values": [
      2,
      5,
      10,
      20,
      50,
      100,
      500
    ],
    "column1_vals_lookup": {
      "LabHC/bias_in_bios_class_set1": [
        [
          "professor",
          "nurse"
        ],
        [
          "architect",
          "journalist"
        ],
        [
          "surgeon",
          "psychologist"
        ],
        [
          "attorney",
          "teacher"
        ]
      ],
      "canrager/amazon_reviews_mcauley_1and5": [
        [
          "Books",
          "CDs_and_Vinyl"
        ],
        [
          "Software",
          "Electronics"
        ],
        [
          "Pet_Supplies",
          "Office_Products"
        ],
        [
          "Industrial_and_Scientific",
          "Toys_and_Games"
        ]
      ]
    }
  },
  "eval_id": "51523609-45b7-42e3-8c83-c4c6b55ddf91",
  "datetime_epoch_millis": 1769406908816,
  "eval_result_metrics": {
    "scr_metrics": {
      "scr_dir1_threshold_2": 0.16782792248173678,
      "scr_metric_threshold_2": 0.07102741865005523,
      "scr_dir2_threshold_2": 0.06837039239713195,
      "scr_dir1_threshold_5": 0.12687329151186644,
      "scr_metric_threshold_5": 0.1631826916076621,
      "scr_dir2_threshold_5": 0.15992178104155494,
      "scr_dir1_threshold_10": 0.1452170741597914,
      "scr_metric_threshold_10": 0.21735948095618354,
      "scr_dir2_threshold_10": 0.21494401052552503,
      "scr_dir1_threshold_20": -0.1564192609825762,
      "scr_metric_threshold_20": 0.26876058334485636,
      "scr_dir2_threshold_20": 0.2591591145601641,
      "scr_dir1_threshold_50": -0.3843050460522665,
      "scr_metric_threshold_50": 0.28143322548682154,
      "scr_dir2_threshold_50": 0.279440459709424,
      "scr_dir1_threshold_100": -0.4439017566177061,
      "scr_metric_threshold_100": 0.33410023070480693,
      "scr_dir2_threshold_100": 0.3246195100195328,
      "scr_dir1_threshold_500": -0.6785484577322386,
      "scr_metric_threshold_500": 0.30599540340384734,
      "scr_dir2_threshold_500": 0.3265267900944912
    }
  },
  "eval_result_details": [
    {
      "dataset_name": "LabHC/bias_in_bios_class_set1_scr_professor_nurse_results",
      "scr_dir1_threshold_2": 0.3050847800084053,
      "scr_metric_threshold_2": 0.009779825677536524,
      "scr_dir2_threshold_2": 0.009779825677536524,
      "scr_dir1_threshold_5": 0.3389836501470921,
      "scr_metric_threshold_5": 0.024449855659111546,
      "scr_dir2_threshold_5": 0.024449855659111546,
      "scr_dir1_threshold_10": 0.37288151003782366,
      "scr_metric_threshold_10": 0.05867968272839474,
      "scr_dir2_threshold_10": 0.05867968272839474,
      "scr_dir1_threshold_20": 0.2711869201176737,
      "scr_metric_threshold_20": 0.07334956697733463,
      "scr_dir2_threshold_20": 0.07334956697733463,
      "scr_dir1_threshold_50": 0.37288151003782366,
      "scr_metric_threshold_50": 0.12469438044757698,
      "scr_dir2_threshold_50": 0.12469438044757698,
      "scr_dir1_threshold_100": 0.22033912003362105,
      "scr_metric_threshold_100": 0.1466992796873044,
      "scr_dir2_threshold_100": 0.1466992796873044,
      "scr_dir1_threshold_500": -0.2542369799243526,
      "scr_metric_threshold_500": 0.13447420612511352,
      "scr_dir2_threshold_500": 0.13447420612511352
    },
    {
      "dataset_name": "LabHC/bias_in_bios_class_set1_scr_architect_journalist_results",
      "scr_dir1_threshold_2": 0.10752678523932548,
      "scr_metric_threshold_2": 0.07734821275825726,
      "scr_dir2_threshold_2": 0.07734821275825726,
      "scr_dir1_threshold_5": 0.23655867116243806,
      "scr_metric_threshold_5": 0.18232054023535268,
      "scr_dir2_threshold_5": 0.18232054023535268,
      "scr_dir1_threshold_10": 0.3548386476538521,
      "scr_metric_threshold_10": 0.22099456428763486,
      "scr_dir2_threshold_10": 0.22099456428763486,
      "scr_dir1_threshold_20": -0.36559183890594066,
      "scr_metric_threshold_20": 0.27348072802618256,
      "scr_dir2_threshold_20": 0.27348072802618256,
      "scr_dir1_threshold_50": -2.0752691342136447,
      "scr_metric_threshold_50": 0.4143646845490456,
      "scr_dir2_threshold_50": 0.4143646845490456,
      "scr_dir1_threshold_100": -2.064516583871751,
      "scr_metric_threshold_100": 0.36740331082352695,
      "scr_dir2_threshold_100": 0.36740331082352695,
      "scr_dir1_threshold_500": -2.9354846979486386,
      "scr_metric_threshold_500": 0.06906086308502074,
      "scr_dir2_threshold_500": 0.06906086308502074
    },
    {
      "dataset_name": "LabHC/bias_in_bios_class_set1_scr_surgeon_psychologist_results",
      "scr_dir1_threshold_2": 0.43749988358469727,
      "scr_metric_threshold_2": 0.02849735292051195,
      "scr_dir2_threshold_2": 0.02849735292051195,
      "scr_dir1_threshold_5": 0.4218741559890551,
      "scr_metric_threshold_5": 0.09585492908050565,
      "scr_dir2_threshold_5": 0.09585492908050565,
      "scr_dir1_threshold_10": -0.1250002328306055,
      "scr_metric_threshold_10": 0.15803107008101444,
      "scr_dir2_threshold_10": 0.15803107008101444,
      "scr_dir1_threshold_20": 0.18749941792348626,
      "scr_metric_threshold_20": 0.19948177927595795,
      "scr_dir2_threshold_20": 0.19948177927595795,
      "scr_dir1_threshold_50": -0.0937506402841651,
      "scr_metric_threshold_50": 0.24611392363038634,
      "scr_dir2_threshold_50": 0.24611392363038634,
      "scr_dir1_threshold_100": -0.250000465661211,
      "scr_metric_threshold_100": 0.22020721108152325,
      "scr_dir2_threshold_100": 0.22020721108152325,
      "scr_dir1_threshold_500": -0.6250002328306055,
      "scr_metric_threshold_500": 0.21243513555038948,
      "scr_dir2_threshold_500": 0.21243513555038948
    },
    {
      "dataset_name": "LabHC/bias_in_bios_class_set1_scr_attorney_teacher_results",
      "scr_dir1_threshold_2": 0.17094003160574936,
      "scr_metric_threshold_2": 0.03790090857985415,
      "scr_dir2_threshold_2": 0.03790090857985415,
      "scr_dir1_threshold_5": -0.5811968206776184,
      "scr_metric_threshold_5": 0.18367354031611316,
      "scr_dir2_threshold_5": 0.18367354031611316,
      "scr_dir1_threshold_10": -0.17094003160574936,
      "scr_metric_threshold_10": 0.22448986330030749,
      "scr_dir2_threshold_10": 0.22448986330030749,
      "scr_dir1_threshold_20": -2.1965817495646824,
      "scr_metric_threshold_20": 0.303207094864356,
      "scr_dir2_threshold_20": 0.303207094864356,
      "scr_dir1_threshold_50": -2.2222224486406574,
      "scr_metric_threshold_50": -0.11661814014390265,
      "scr_dir2_threshold_50": -0.11661814014390265,
      "scr_dir1_threshold_100": -2.589744229811089,
      "scr_metric_threshold_100": 0.023323662783675973,
      "scr_dir2_threshold_100": 0.023323662783675973,
      "scr_dir1_threshold_500": -2.47863300549076,
      "scr_metric_threshold_500": 0.30029150668553856,
      "scr_dir2_threshold_500": 0.30029150668553856
    },
    {
      "dataset_name": "canrager/amazon_reviews_mcauley_1and5_scr_Books_CDs_and_Vinyl_results",
      "scr_dir1_threshold_2": 0.051136365560583194,
      "scr_metric_threshold_2": 0.14981280347858933,
      "scr_dir2_threshold_2": 0.14981280347858933,
      "scr_dir1_threshold_5": 0.13636386726998287,
      "scr_metric_threshold_5": 0.3370787520172376,
      "scr_dir2_threshold_5": 0.3370787520172376,
      "scr_dir1_threshold_10": 0.1590911784816467,