{
  "eval_type_id": "scr",
  "eval_config": {
    "random_seed": 42,
    "dataset_names": [
      "LabHC/bias_in_bios_class_set1",
      "canrager/amazon_reviews_mcauley_1and5"
    ],
    "perform_scr": true,
    "early_stopping_patience": 20,
    "train_set_size": 4000,
    "test_set_size": 1000,
    "context_length": 128,
    "probe_train_batch_size": 16,
    "probe_test_batch_size": 500,
    "probe_epochs": 20,
    "probe_lr": 0.001,
    "probe_l1_penalty": 0.001,
    "sae_batch_size": 2,
    "llm_batch_size": 16,
    "llm_dtype": "bfloat16",
    "lower_vram_usage": true,
    "model_name": "google/gemma-2-2b",
    "n_values": [
      2,
      5,
      10,
      20,
      50,
      100,
      500
    ],
    "column1_vals_lookup": {
      "LabHC/bias_in_bios_class_set1": [
        [
          "professor",
          "nurse"
        ],
        [
          "architect",
          "journalist"
        ],
        [
          "surgeon",
          "psychologist"
        ],
        [
          "attorney",
          "teacher"
        ]
      ],
      "canrager/amazon_reviews_mcauley_1and5": [
        [
          "Books",
          "CDs_and_Vinyl"
        ],
        [
          "Software",
          "Electronics"
        ],
        [
          "Pet_Supplies",
          "Office_Products"
        ],
        [
          "Industrial_and_Scientific",
          "Toys_and_Games"
        ]
      ]
    }
  },
  "eval_id": "edcd680c-5c67-454f-81ca-1da4079a31d2",
  "datetime_epoch_millis": 1769390292281,
  "eval_result_metrics": {
    "scr_metrics": {
      "scr_dir1_threshold_2": 0.20766415833948157,
      "scr_metric_threshold_2": 0.14970752575886642,
      "scr_dir2_threshold_2": 0.14970747489898611,
      "scr_dir1_threshold_5": 0.16556875064553137,
      "scr_metric_threshold_5": 0.202068291795917,
      "scr_dir2_threshold_5": 0.19929047534724326,
      "scr_dir1_threshold_10": 0.32538805704277507,
      "scr_metric_threshold_10": 0.27132045992951304,
      "scr_dir2_threshold_10": 0.2611754962958093,
      "scr_dir1_threshold_20": 0.3024817720275454,
      "scr_metric_threshold_20": 0.3423685511781687,
      "scr_dir2_threshold_20": 0.33433712771192486,
      "scr_dir1_threshold_50": 0.06087091093248821,
      "scr_metric_threshold_50": 0.4162769078882282,
      "scr_dir2_threshold_50": 0.44375271864458676,
      "scr_dir1_threshold_100": 0.041587773681095515,
      "scr_metric_threshold_100": 0.4862869150137741,
      "scr_dir2_threshold_100": 0.47318301583386024,
      "scr_dir1_threshold_500": -0.05989938680626607,
      "scr_metric_threshold_500": 0.3103061037977006,
      "scr_dir2_threshold_500": 0.3068036821660271
    }
  },
  "eval_result_details": [
    {
      "dataset_name": "LabHC/bias_in_bios_class_set1_scr_professor_nurse_results",
      "scr_dir1_threshold_2": 0.4067803801765105,
      "scr_metric_threshold_2": 0.02933976849787981,
      "scr_dir2_threshold_2": 0.02933976849787981,
      "scr_dir1_threshold_5": 0.38983043998318945,
      "scr_metric_threshold_5": 0.044009652746819714,
      "scr_dir2_threshold_5": 0.044009652746819714,
      "scr_dir1_threshold_10": 0.4237293101218763,
      "scr_metric_threshold_10": 0.08068458196812216,
      "scr_dir2_threshold_10": 0.08068458196812216,
      "scr_dir1_threshold_20": 0.4406782400672421,
      "scr_metric_threshold_20": 0.15892420751686018,
      "scr_dir2_threshold_20": 0.15892420751686018,
      "scr_dir1_threshold_50": 0.05084780008405263,
      "scr_metric_threshold_50": 0.24205374590436646,
      "scr_dir2_threshold_50": 0.24205374590436646,
      "scr_dir1_threshold_100": 0.18644126014288948,
      "scr_metric_threshold_100": 0.30317838505214534,
      "scr_dir2_threshold_100": 0.30317838505214534,
      "scr_dir1_threshold_500": 0.11864453011347105,
      "scr_metric_threshold_500": 0.21026887525446739,
      "scr_dir2_threshold_500": 0.21026887525446739
    },
    {
      "dataset_name": "LabHC/bias_in_bios_class_set1_scr_architect_journalist_results",
      "scr_dir1_threshold_2": 0.1827952785427753,
      "scr_metric_threshold_2": 0.19337028491510375,
      "scr_dir2_threshold_2": 0.19337028491510375,
      "scr_dir1_threshold_5": 0.05376339261966274,
      "scr_metric_threshold_5": 0.2569061933334025,
      "scr_dir2_threshold_5": 0.2569061933334025,
      "scr_dir1_threshold_10": 0.41935459061540836,
      "scr_metric_threshold_10": 0.3121547520784647,
      "scr_dir2_threshold_10": 0.3121547520784647,
      "scr_dir1_threshold_20": 0.41935459061540836,
      "scr_metric_threshold_20": 0.372928265490249,
      "scr_dir2_threshold_20": 0.372928265490249,
      "scr_dir1_threshold_50": -0.43010778186749693,
      "scr_metric_threshold_50": 0.5497238510588797,
      "scr_dir2_threshold_50": 0.5497238510588797,
      "scr_dir1_threshold_100": -0.9784948993162129,
      "scr_metric_threshold_100": 0.5911602701176764,
      "scr_dir2_threshold_100": 0.5911602701176764,
      "scr_dir1_threshold_500": -0.4946237248290532,
      "scr_metric_threshold_500": 0.19889507492813277,
      "scr_dir2_threshold_500": 0.19889507492813277
    },
    {
      "dataset_name": "LabHC/bias_in_bios_class_set1_scr_surgeon_psychologist_results",
      "scr_dir1_threshold_2": 0.46874947613113765,
      "scr_metric_threshold_2": 0.04663198993824125,
      "scr_dir2_threshold_2": 0.04663198993824125,
      "scr_dir1_threshold_5": 0.45312467985791743,
      "scr_metric_threshold_5": 0.09844556945215453,
      "scr_dir2_threshold_5": 0.09844556945215453,
      "scr_dir1_threshold_10": 0.5,
      "scr_metric_threshold_10": 0.1243522820010176,
      "scr_dir2_threshold_10": 0.1243522820010176,
      "scr_dir1_threshold_20": 0.5156247962732202,
      "scr_metric_threshold_20": 0.32124342090532665,
      "scr_dir2_threshold_20": 0.32124342090532665,
      "scr_dir1_threshold_50": 0.26562433061200924,
      "scr_metric_threshold_50": 0.32901549643646044,
      "scr_dir2_threshold_50": 0.32901549643646044,
      "scr_dir1_threshold_100": 0.3749997671693945,
      "scr_metric_threshold_100": 0.3782382811625377,
      "scr_dir2_threshold_100": 0.3782382811625377,
      "scr_dir1_threshold_500": 0.2968748544808716,
      "scr_metric_threshold_500": 0.2616579202764667,
      "scr_dir2_threshold_500": 0.2616579202764667
    },
    {
      "dataset_name": "LabHC/bias_in_bios_class_set1_scr_attorney_teacher_results",
      "scr_dir1_threshold_2": 0.2905981556180697,
      "scr_metric_threshold_2": 0.06413998576787032,
      "scr_dir2_threshold_2": 0.06413998576787032,
      "scr_dir1_threshold_5": -0.11965812401232033,
      "scr_metric_threshold_5": 0.15743446312809697,
      "scr_dir2_threshold_5": 0.15743446312809697,
      "scr_dir1_threshold_10": 0.3333336729609859,
      "scr_metric_threshold_10": 0.2274052777046477,
      "scr_dir2_threshold_10": 0.2274052777046477,
      "scr_dir1_threshold_20": -0.10256432462833696,
      "scr_metric_threshold_20": 0.32069975506487436,
      "scr_dir2_threshold_20": 0.32069975506487436,
      "scr_dir1_threshold_50": 0.06837621641889131,
      "scr_metric_threshold_50": 0.513119538594008,
      "scr_dir2_threshold_50": 0.513119538594008,
      "scr_dir1_threshold_100": 0.17094003160574936,
      "scr_metric_threshold_100": 0.6151604329417325,
      "scr_dir2_threshold_100": 0.6151604329417325,
      "scr_dir1_threshold_500": -0.7008549446899386,
      "scr_metric_threshold_500": 0.026239077188016165,
      "scr_dir2_threshold_500": 0.026239077188016165
    },
    {
      "dataset_name": "canrager/amazon_reviews_mcauley_1and5_scr_Books_CDs_and_Vinyl_results",
      "scr_dir1_threshold_2": 0.09090924484665525,
      "scr_metric_threshold_2": 0.4868915554958269,
      "scr_dir2_threshold_2": 0.4868915554958269,
      "scr_dir1_threshold_5": 0.16477292161890225,
      "scr_metric_threshold_5": 0.5430712730859153,
      "scr_dir2_threshold_5": 0.5430712730859153,
      "scr_dir1_threshold_10": 0.19318197596782163,
      "scr_metric_threshold_10": 0.6104870234893628,