{
  "eval_type_id": "scr",
  "eval_config": {
    "random_seed": 42,
    "dataset_names": [
      "LabHC/bias_in_bios_class_set1",
      "canrager/amazon_reviews_mcauley_1and5"
    ],
    "perform_scr": true,
    "early_stopping_patience": 20,
    "train_set_size": 4000,
    "test_set_size": 1000,
    "context_length": 128,
    "probe_train_batch_size": 16,
    "probe_test_batch_size": 500,
    "probe_epochs": 20,
    "probe_lr": 0.001,
    "probe_l1_penalty": 0.001,
    "sae_batch_size": 2,
    "llm_batch_size": 16,
    "llm_dtype": "bfloat16",
    "lower_vram_usage": true,
    "model_name": "google/gemma-2-2b",
    "n_values": [
      2,
      5,
      10,
      20,
      50,
      100,
      500
    ],
    "column1_vals_lookup": {
      "LabHC/bias_in_bios_class_set1": [
        [
          "professor",
          "nurse"
        ],
        [
          "architect",
          "journalist"
        ],
        [
          "surgeon",
          "psychologist"
        ],
        [
          "attorney",
          "teacher"
        ]
      ],
      "canrager/amazon_reviews_mcauley_1and5": [
        [
          "Books",
          "CDs_and_Vinyl"
        ],
        [
          "Software",
          "Electronics"
        ],
        [
          "Pet_Supplies",
          "Office_Products"
        ],
        [
          "Industrial_and_Scientific",
          "Toys_and_Games"
        ]
      ]
    }
  },
  "eval_id": "27306a32-2007-44a5-a985-a7bd136775cf",
  "datetime_epoch_millis": 1769395751315,
  "eval_result_metrics": {
    "scr_metrics": {
      "scr_dir1_threshold_2": 0.1580119748567146,
      "scr_metric_threshold_2": 0.13672845904958017,
      "scr_dir2_threshold_2": 0.13050864016686525,
      "scr_dir1_threshold_5": 0.16818649439063574,
      "scr_metric_threshold_5": 0.18648972715416096,
      "scr_dir2_threshold_5": 0.18087377411857564,
      "scr_dir1_threshold_10": 0.27115976914760315,
      "scr_metric_threshold_10": 0.2337928883535648,
      "scr_dir2_threshold_10": 0.2263653368376324,
      "scr_dir1_threshold_20": 0.2633847846992356,
      "scr_metric_threshold_20": 0.24734861390380758,
      "scr_dir2_threshold_20": 0.2389548952794288,
      "scr_dir1_threshold_50": 0.15109486142373935,
      "scr_metric_threshold_50": 0.29355700324948525,
      "scr_dir2_threshold_50": 0.2770111191626263,
      "scr_dir1_threshold_100": -0.02519336048649521,
      "scr_metric_threshold_100": 0.3501772069148648,
      "scr_dir2_threshold_100": 0.32203709530805613,
      "scr_dir1_threshold_500": -0.07379333436498522,
      "scr_metric_threshold_500": 0.31112811476424135,
      "scr_dir2_threshold_500": 0.3050290702715887
    }
  },
  "eval_result_details": [
    {
      "dataset_name": "LabHC/bias_in_bios_class_set1_scr_professor_nurse_results",
      "scr_dir1_threshold_2": 0.18644126014288948,
      "scr_metric_threshold_2": 0.019559797087708167,
      "scr_dir2_threshold_2": 0.019559797087708167,
      "scr_dir1_threshold_5": 0.2542379901723079,
      "scr_metric_threshold_5": 0.019559797087708167,
      "scr_dir2_threshold_5": 0.019559797087708167,
      "scr_dir1_threshold_10": 0.32203370995377106,
      "scr_metric_threshold_10": 0.05134466773760722,
      "scr_dir2_threshold_10": 0.05134466773760722,
      "scr_dir1_threshold_20": 0.2881358500630395,
      "scr_metric_threshold_20": 0.063569595567163,
      "scr_dir2_threshold_20": 0.063569595567163,
      "scr_dir1_threshold_50": 0.22033912003362105,
      "scr_metric_threshold_50": 0.13447420612511352,
      "scr_dir2_threshold_50": 0.13447420612511352,
      "scr_dir1_threshold_100": 0.06779673002941843,
      "scr_metric_threshold_100": 0.16625907677501256,
      "scr_dir2_threshold_100": 0.16625907677501256,
      "scr_dir1_threshold_500": -0.03389785989073158,
      "scr_metric_threshold_500": 0.08068458196812216,
      "scr_dir2_threshold_500": 0.08068458196812216
    },
    {
      "dataset_name": "LabHC/bias_in_bios_class_set1_scr_architect_journalist_results",
      "scr_dir1_threshold_2": 0.11827933558121903,
      "scr_metric_threshold_2": 0.14088412117655602,
      "scr_dir2_threshold_2": 0.14088412117655602,
      "scr_dir1_threshold_5": -0.26881760400850874,
      "scr_metric_threshold_5": 0.1740331905621162,
      "scr_dir2_threshold_5": 0.1740331905621162,
      "scr_dir1_threshold_10": 0.33333290605987,
      "scr_metric_threshold_10": 0.24033149398692946,
      "scr_dir2_threshold_10": 0.24033149398692946,
      "scr_dir1_threshold_20": 0.32258035571797644,
      "scr_metric_threshold_20": 0.27348072802618256,
      "scr_dir2_threshold_20": 0.27348072802618256,
      "scr_dir1_threshold_50": 0.2903220637821008,
      "scr_metric_threshold_50": 0.2845304727059336,
      "scr_dir2_threshold_50": 0.2845304727059336,
      "scr_dir1_threshold_100": -0.26881760400850874,
      "scr_metric_threshold_100": 0.34530398611771784,
      "scr_dir2_threshold_100": 0.34530398611771784,
      "scr_dir1_threshold_500": -0.3118284462862779,
      "scr_metric_threshold_500": 0.39226519518954356,
      "scr_dir2_threshold_500": 0.39226519518954356
    },
    {
      "dataset_name": "LabHC/bias_in_bios_class_set1_scr_surgeon_psychologist_results",
      "scr_dir1_threshold_2": 0.4218741559890551,
      "scr_metric_threshold_2": 0.08808285354937187,
      "scr_dir2_threshold_2": 0.08808285354937187,
      "scr_dir1_threshold_5": 0.46874947613113765,
      "scr_metric_threshold_5": 0.12176164162936873,
      "scr_dir2_threshold_5": 0.12176164162936873,
      "scr_dir1_threshold_10": 0.46874947613113765,
      "scr_metric_threshold_10": 0.15284963492152956,
      "scr_dir2_threshold_10": 0.15284963492152956,
      "scr_dir1_threshold_20": 0.3749997671693945,
      "scr_metric_threshold_20": 0.19948177927595795,
      "scr_dir2_threshold_20": 0.19948177927595795,
      "scr_dir1_threshold_50": 0.3906245634426147,
      "scr_metric_threshold_50": 0.18911906337317527,
      "scr_dir2_threshold_50": 0.18911906337317527,
      "scr_dir1_threshold_100": 0.12499930150818353,
      "scr_metric_threshold_100": 0.20466321443544283,
      "scr_dir2_threshold_100": 0.20466321443544283,
      "scr_dir1_threshold_500": -0.2656252619344312,
      "scr_metric_threshold_500": 0.018134637017729296,
      "scr_dir2_threshold_500": 0.018134637017729296
    },
    {
      "dataset_name": "LabHC/bias_in_bios_class_set1_scr_attorney_teacher_results",
      "scr_dir1_threshold_2": 0.2136750395071867,
      "scr_metric_threshold_2": 0.026239077188016165,
      "scr_dir2_threshold_2": 0.026239077188016165,
      "scr_dir1_threshold_5": 0.46153869666529795,
      "scr_metric_threshold_5": 0.10787172315640485,
      "scr_dir2_threshold_5": 0.10787172315640485,
      "scr_dir1_threshold_10": 0.39316248024640665,
      "scr_metric_threshold_10": 0.16909629451993496,
      "scr_dir2_threshold_10": 0.16909629451993496,
      "scr_dir1_threshold_20": 0.32478626382751535,
      "scr_metric_threshold_20": 0.20991261750412932,
      "scr_dir2_threshold_20": 0.20991261750412932,
      "scr_dir1_threshold_50": 0.205128139815195,
      "scr_metric_threshold_50": 0.3469388322528905,
      "scr_dir2_threshold_50": 0.3469388322528905,
      "scr_dir1_threshold_100": -0.32478626382751535,
      "scr_metric_threshold_100": 0.35860066364472853,
      "scr_dir2_threshold_100": 0.35860066364472853,
      "scr_dir1_threshold_500": -0.09401691549486636,
      "scr_metric_threshold_500": 0.4169096468294412,
      "scr_dir2_threshold_500": 0.4169096468294412
    },
    {
      "dataset_name": "canrager/amazon_reviews_mcauley_1and5_scr_Books_CDs_and_Vinyl_results",
      "scr_dir1_threshold_2": 0.06818193363499143,
      "scr_metric_threshold_2": 0.4719102528241326,
      "scr_dir2_threshold_2": 0.4719102528241326,
      "scr_dir1_threshold_5": 0.03977287928607206,
      "scr_metric_threshold_5": 0.5655431154742799,
      "scr_dir2_threshold_5": 0.5655431154742799,
      "scr_dir1_threshold_10": 0.07954575857214412,